0.4	8.0	A customer says something important.
4.6	8.0	It gets summarized five times before it reaches the CEO.
13.1	3.0	By then, the signal is gone.
16.3	8.1	Cortex captures the original observation, connects it to everything the company already knows, and shows what actually changed.
24.9	9.2	Sarah says one sentence after her call. Slack, support tickets, GitHub and email flow in the same way. Nobody writes a report.
34.6	14.4	River understands every signal. A QM agent grounds each one against the company's memory in GBrain, and routes it to whoever has to act.
49.6	10.2	Different people on different teams saw the same problem. Cortex connected them. Three hundred and forty thousand dollars now depends on SAML.
60.3	11.3	The CEO approves in one click. The decision is written to company memory, and an agent assigns the owner and drafts the plan.
72.0	5.0	Every claim has a source. Unsourced claims are rejected.
77.3	5.0	River, QM and GBrain. One loop, owned by the company.
82.8	7.0	AI tools made each person faster. Cortex makes the company itself faster.
